{
  "music.game": {
    "category": "music",
    "sounds": [
      {
        "name": "music/game/solace",
        "stream": true
      },
      {
        "name": "music/game/farlands",
        "stream": true
      }
    ]
  },
  "music.nether": {
    "category": "music",
    "sounds": [
      {
        "name": "music/game/nether/balladmirrors",
        "stream": true
      }
    ]
  },
  "music.end": {
    "category": "music",
    "sounds": [
      {
        "name": "music/game/end/greatabyss",
        "stream": true
      },
      {
        "name": "music/game/end/undefined",
        "stream": true
      }
    ]
  }
}
